Metric,Uncalibrated,Calibrated
ECE,0.003560400020994204,4.791246565562217e-05
Brier,0.004269911,0.00376491
